Time,ID,Lat,Lon,Alt,WI-FI,SSID1,MAC1,Frequncy1,Signal1,SSID2,MAC2,Frequncy2,Signal2,SSID3,MAC3,Frequncy3,Signal3,SSID4,MAC4,Frequncy4,Signal4,SSID5,MAC5,Frequncy5,Signal5,SSID6,MAC6,Frequncy6,Signal6,SSID7,MAC7,Frequncy7,Signal7,SSID8,MAC8,Frequncy8,Signal8,SSID9,MAC9,Frequncy9,Signal9,SSID10,MAC10,Frequncy10,Signal10
2017-12-01 10:42:54,SM-G950F,1,34.8144489381276,7.777438959165592,1,HOTBOX-D88A,c0:ac:54:f5:b4:c9,1,-92,
2017-12-01 10:43:00,SM-G950F,11,34.81444473498782,10.580361150029846,1,Efrat,b4:ee:b4:86:c0:f1,11,-74,
2017-12-01 10:43:06,SM-G950F,1,34.814391891326764,17.18081811626479,1,angela,80:1f:02:f5:d8:e8,1,-89,
2017-12-01 10:43:18,SM-G950F,48,34.81421445142988,22.818991521293682,1,KarvatB0.5,14:ae:db:cc:ed:6d,48,-89,
2017-12-01 10:43:29,SM-G950F,1,34.81363858823374,24.55807198020147,1,Bezeq Free GA32E3,52:b0:ce:ac:32:98,1,-80,
2017-12-01 10:43:33,SM-G950F,1,34.81341290942063,25.130925493340825,1,dobry2016,6c:b0:ce:ac:32:9b,1,-69,
2017-12-01 10:43:37,SM-G950F,1,34.81318688512261,25.941801984532795,1,DIR-825-4f83,80:26:89:0d:4f:84,1,-66,
2017-12-01 10:43:41,SM-G950F,1,34.81295646141121,26.35851917429424,1,DIR-825-4f83,80:26:89:0d:4f:84,1,-57,
2017-12-01 10:43:45,SM-G950F,11,34.81270507338805,27.122038414759338,2,ELDAD,10:0d:7f:80:17:80,11,-78,Eldad_2EX,80:1f:02:e8:b9:cc,11,-82,
2017-12-01 10:43:57,SM-G950F,10,34.812091884783165,29.035709105267408,1,urigil1,a0:ab:1b:5d:c2:60,10,-90,
2017-12-01 10:43:57,SM-G950F,6,34.812091884783165,29.035709105267408,1,INGENEO,cc:b2:55:e8:4c:e6,6,-91,
2017-12-01 10:44:01,SM-G950F,10,34.81201239183262,29.32418162501339,1,Helen.,a0:ab:1b:57:cd:42,10,-79,
2017-12-01 10:44:01,SM-G950F,11,34.81201239183262,29.32418162501339,1,U2I8L1M0X42,54:64:d9:66:29:ef,11,-85,
2017-12-01 10:44:05,SM-G950F,1,34.81190851897319,29.638531482264742,1,Liza,8c:59:c3:ea:db:4a,1,-78,
2017-12-01 10:44:11,SM-G950F,1,34.811757862271804,29.890260289021505,1,varda,c4:12:f5:85:27:c2,1,-87,
2017-12-01 10:44:14,SM-G950F,1,34.81169555724996,29.78929958349117,2,mika1,c4:12:f5:fb:c0:3e,1,-82,donush,c0:ac:54:f5:b7:f2,1,-87,
2017-12-01 10:44:18,SM-G950F,11,34.811594706105254,29.498589764617535,1,DAVID,d8:fb:5e:17:1b:d6,11,-92,
2017-12-01 10:44:22,SM-G950F,1,34.81148871152029,29.247534754719787,2,TP-LINK_2C3A,84:16:f9:d7:2c:3a,1,-90,home,00:13:d4:0f:f3:ba,1,-83,
2017-12-01 10:44:26,SM-G950F,1,34.81136052218762,28.851810564672878,1,home,00:13:d4:0f:f3:ba,1,-77,
2017-12-01 10:44:30,SM-G950F,6,34.811243700290355,28.48330590693121,1,HOTFiber-A53E,7c:b7:33:a1:7e:98,6,-80,
2017-12-01 10:44:30,SM-G950F,13,34.811243700290355,28.48330590693121,1,rdk,e4:d3:f1:9a:81:60,13,-85,
2017-12-01 10:44:30,SM-G950F,1,34.811243700290355,28.48330590693121,1,RDK,58:b6:33:34:81:a8,1,-85,
2017-12-01 10:44:30,SM-G950F,11,34.811243700290355,28.48330590693121,1,RDK,58:b6:33:34:ae:f8,11,-85,
2017-12-01 10:44:30,SM-G950F,44,34.811243700290355,28.48330590693121,1,dlink,40:9b:cd:11:2f:88,44,-92,
2017-12-01 10:44:38,SM-G950F,60,34.811007615648165,28.289290688769423,1,Neeman2.4_5,20:0c:c8:1d:c8:2c,60,-89,
2017-12-01 10:44:41,SM-G950F,1,34.8109235856239,28.201870747562097,1,HP-Print-20-Deskjet 4640 series,fc:15:b4:65:09:20,1,-87,
2017-12-01 10:44:41,SM-G950F,11,34.8109235856239,28.201870747562097,1,HOTBOX-2E6E,c0:ac:54:f7:27:42,11,-89,
2017-12-01 10:44:49,SM-G950F,3,34.81071393258221,27.82938002803731,1,edimax_2.4G_A92417,74:da:38:a9:24:17,3,-75,
2017-12-01 10:44:57,SM-G950F,12,34.810544049627936,27.11526685223747,1,RS_GUEST,ec:08:6b:38:0d:dd,12,-85,
2017-12-01 10:44:57,SM-G950F,44,34.810544049627936,27.11526685223747,1,RS_GUEST_5G,ec:08:6b:38:0d:dc,44,-89,
2017-12-01 10:44:57,SM-G950F,1,34.810544049627936,27.11526685223747,1,DIRECT-F4-HP DeskJet 3830 series,c8:d3:ff:57:60:f5,1,-89,
2017-12-01 10:44:57,SM-G950F,8,34.810544049627936,27.11526685223747,1,simon,e4:6f:13:73:0a:c2,8,-89,
2017-12-01 10:44:57,SM-G950F,36,34.810544049627936,27.11526685223747,1,KaymeraDev,00:f6:63:15:58:8e,36,-92,
2017-12-01 10:44:57,SM-G950F,4,34.810544049627936,27.11526685223747,1,HTC,06:c2:3e:e4:21:85,4,-89,
2017-12-01 10:45:01,SM-G950F,36,34.81072410830097,27.618449512847366,1,LRWN,0c:f4:d5:29:a2:9c,36,-91,
2017-12-01 10:45:13,SM-G950F,36,34.811787470063976,28.29109853755457,1,LRWN,0c:f4:d5:29:a2:9c,36,-76,
2017-12-01 10:45:13,SM-G950F,44,34.811787470063976,28.29109853755457,1,LRWN,ec:8c:a2:09:dd:4c,44,-70,
2017-12-01 10:45:13,SM-G950F,6,34.811787470063976,28.29109853755457,2,HOTFiber-400D,40:65:a3:2b:62:22,6,-88,HOTFiber-400D,40:65:a3:2b:62:0e,6,-89,
2017-12-01 10:45:25,SM-G950F,11,34.81214324467331,26.834423759379202,1,nina,20:0c:c8:2b:2a:14,11,-68,
2017-12-01 10:45:29,SM-G950F,11,34.81225704427234,26.41969286035642,1,arama,80:1f:02:36:04:d0,11,-81,
2017-12-01 10:45:29,SM-G950F,6,34.81225704427234,26.41969286035642,1,hilda,00:30:4f:91:36:07,6,-89,
2017-12-01 10:45:29,SM-G950F,2,34.81225704427234,26.41969286035642,1,BezeqFree,5a:ab:1b:62:0d:fd,2,-93,
2017-12-01 10:45:29,SM-G950F,6,34.81225704427234,26.41969286035642,1,Astra,00:21:63:4d:73:31,6,-92,
2017-12-01 10:45:33,SM-G950F,6,34.8123593768823,26.279075491882708,1,UFI_UF230_B3F,00:0b:6c:4d:1b:3f,6,-83,
2017-12-01 10:45:33,SM-G950F,11,34.8123593768823,26.279075491882708,2,landau,d4:7b:b0:79:65:fc,11,-92,HP-Print-8A-Deskjet 4640 series,8c:dc:d4:6a:a9:8a,11,-89,
2017-12-01 10:45:37,SM-G950F,2,34.81246926564551,26.042709343281796,1,klaiman,a0:ab:1b:62:0d:fc,2,-78,
2017-12-01 10:45:37,SM-G950F,6,34.81246926564551,26.042709343281796,1,ter123,70:4d:7b:0c:89:50,6,-72,
2017-12-01 10:45:37,SM-G950F,1,34.81246926564551,26.042709343281796,1,HOTBOX-62EF,d8:fb:5e:17:62:f5,1,-80,
2017-12-01 10:45:41,SM-G950F,6,34.81258190129876,26.066423141730525,1,UFI_UF230_B3F,00:0b:6c:4d:1b:3f,6,-70,
2017-12-01 10:45:45,SM-G950F,11,34.81269650889793,25.95824106504077,1,Oded 2.4Ghz,00:12:2a:e1:6c:48,11,-83,
2017-12-01 10:45:49,SM-G950F,48,34.81281338424775,25.5806087173453,1,Oded 5Ghz,00:12:2a:e1:6c:4c,48,-84,
2017-12-01 10:45:53,SM-G950F,10,34.81291128023999,25.509189468691844,1,yotam17,f8:ab:05:e9:6d:3d,10,-85,
2017-12-01 10:46:04,SM-G950F,11,34.81299603716402,26.593085271027938,1,SHAHAF2.4,20:0c:c8:0a:ef:2a,11,-82,
2017-12-01 10:46:07,SM-G950F,48,34.81301798358491,26.289785056235647,1,Oded 5Ghz,00:12:2a:e1:6c:4c,48,-89,
2017-12-01 10:46:13,SM-G950F,9,34.813112686158654,26.95797609468581,1,sellahome,d8:fb:5e:17:47:f8,9,-73,
2017-12-01 10:46:28,SM-G950F,1,34.81401199636586,28.284107087616025,1,DIR-825-4f83,80:26:89:0d:4f:84,1,-88,
2017-12-01 10:43:31,Lenovo PB2-690Y,5,34.81350895,46,1,lellouche,a4:2b:b0:ad:2d:34,5,-93,
2017-12-01 10:43:34,Lenovo PB2-690Y,6,34.81333642,45,1,Mevohot_1,20:0c:c8:1b:a2:48,6,-95,
2017-12-01 10:43:37,Lenovo PB2-690Y,1,34.81315388,44,1,DIR-825-4f83,80:26:89:0d:4f:84,1,-73,
2017-12-01 10:43:37,Lenovo PB2-690Y,11,34.81315388,44,1,Mevohot_3,60:e3:27:e8:41:e8,11,-86,
2017-12-01 10:43:37,Lenovo PB2-690Y,9,34.81315388,44,1,sellahome_2EX,74:da:38:14:1f:8d,9,-82,
2017-12-01 10:43:40,Lenovo PB2-690Y,6,34.81296682,47,1,Orit,c4:a8:1d:12:7d:4c,6,-91,
2017-12-01 10:43:40,Lenovo PB2-690Y,11,34.81296682,47,2,BezeqFree,06:ae:db:ba:1e:85,11,-81,Lahav,08:3e:5d:5c:72:5e,11,-89,
2017-12-01 10:43:40,Lenovo PB2-690Y,9,34.81296682,47,1,sellahome,d8:fb:5e:17:47:f8,9,-83,
2017-12-01 10:43:40,Lenovo PB2-690Y,1,34.81296682,47,1,shweiger1,14:ae:db:c1:ad:7d,1,-84,
2017-12-01 10:43:40,Lenovo PB2-690Y,11,34.81296682,47,1,ELDAD,10:0d:7f:80:17:80,11,-87,
2017-12-01 10:43:43,Lenovo PB2-690Y,11,34.81278713,48,1,ELDAD,10:0d:7f:80:17:80,11,-73,
2017-12-01 10:43:43,Lenovo PB2-690Y,1,34.81278713,48,1,BezeqFree,06:ae:db:c1:ad:7d,1,-87,
2017-12-01 10:43:46,Lenovo PB2-690Y,1,34.81260015,47,1,HOTBOX1234,30:b5:c2:6e:12:d4,1,-88,
2017-12-01 10:43:46,Lenovo PB2-690Y,11,34.81260015,47,1,Eldad_2EX,80:1f:02:e8:b9:cc,11,-81,
2017-12-01 10:43:49,Lenovo PB2-690Y,1,34.81242555,48,1,HOTBOX1234,00:78:9e:f9:f5:5b,1,-82,
2017-12-01 10:43:52,Lenovo PB2-690Y,1,34.81224372,51,1,varda,c4:12:f5:85:27:c2,1,-95,
2017-12-01 10:43:55,Lenovo PB2-690Y,1,34.81211077,51,2,DIR-825-4f83,80:26:89:0d:4f:84,1,-77,Miller,00:78:9e:fa:0e:5c,1,-94,
2017-12-01 10:43:58,Lenovo PB2-690Y,2,34.81204165,48,1,Gil-Up,50:c7:bf:36:df:98,2,-89,
2017-12-01 10:44:01,Lenovo PB2-690Y,1,34.81196568,47,3,U2I8L1M0X42,7c:b7:33:97:35:f1,1,-73,varda,c4:12:f5:85:27:c2,1,-90,KaymeraDev,00:f6:63:15:58:81,1,-93,
2017-12-01 10:44:01,Lenovo PB2-690Y,11,34.81196568,47,1,Ben Ami_2.4,c4:04:15:60:6a:b5,11,-93,
2017-12-01 10:44:01,Lenovo PB2-690Y,1,34.81196568,47,1,KaymeraGuest,00:f6:63:15:58:82,1,-93,
2017-12-01 10:44:04,Lenovo PB2-690Y,11,34.81189708,44,1,Ben Ami_2.4,c4:04:15:60:6a:b5,11,-84,
2017-12-01 10:44:04,Lenovo PB2-690Y,6,34.81189708,44,1,Shani - Green,54:b8:0a:34:68:90,6,-95,
2017-12-01 10:44:07,Lenovo PB2-690Y,11,34.81179424,42,1,Ben Ami_2.4,c4:04:15:60:6a:b5,11,-77,
2017-12-01 10:44:07,Lenovo PB2-690Y,1,34.81179424,42,1,Hilush111,6c:b0:ce:2f:43:36,1,-92,
2017-12-01 10:44:10,Lenovo PB2-690Y,6,34.81172206,43,1,Gil Kitchen,80:1f:02:a3:7d:62,6,-96,
2017-12-01 10:44:16,Lenovo PB2-690Y,11,34.81159343,41,1,DAVID,d8:fb:5e:17:1b:d6,11,-96,
2017-12-01 10:44:19,Lenovo PB2-690Y,1,34.81151613,41,1,home,00:13:d4:0f:f3:ba,1,-94,
2017-12-01 10:44:25,Lenovo PB2-690Y,1,34.81134771,39,1,home,00:13:d4:0f:f3:ba,1,-88,
2017-12-01 10:44:25,Lenovo PB2-690Y,6,34.81134771,39,1,Guymic,14:ae:db:b7:99:2d,6,-95,
2017-12-01 10:44:28,Lenovo PB2-690Y,6,34.81125793,39,2,Guymic,14:ae:db:b7:99:2d,6,-88,HOTFiber-A53E,7c:b7:33:a1:7e:98,6,-90,
2017-12-01 10:44:31,Lenovo PB2-690Y,6,34.81116946,39,2,Guymic,14:ae:db:b7:99:2d,6,-81,HOTFiber-A53E,7c:b7:33:a1:7e:98,6,-79,
2017-12-01 10:44:31,Lenovo PB2-690Y,1,34.81116946,39,1,RDK,58:b6:33:34:81:a8,1,-92,
2017-12-01 10:44:34,Lenovo PB2-690Y,6,34.81109365,38,1,devolo-0f4,30:d3:2d:37:20:f4,6,-88,
2017-12-01 10:44:37,Lenovo PB2-690Y,6,34.81099899,37,1,devolo-0f4,30:d3:2d:37:20:f4,6,-80,
2017-12-01 10:44:37,Lenovo PB2-690Y,1,34.81099899,37,2,Neeman2.4,20:0c:c8:1d:c8:2b,1,-87,Bezeq Free F026CC,6a:0c:c8:1d:c8:28,1,-87,
2017-12-01 10:44:40,Lenovo PB2-690Y,1,34.81091198,37,3,Neeman2.4,20:0c:c8:1d:c8:2b,1,-81,Bezeq Free F026CC,6a:0c:c8:1d:c8:28,1,-81,HOTBOX12,d8:fb:5e:17:62:4d,1,-87,
2017-12-01 10:44:40,Lenovo PB2-690Y,6,34.81091198,37,1,oved-main,74:da:3a:97:66:9e,6,-87,
2017-12-01 10:44:40,Lenovo PB2-690Y,11,34.81091198,37,1,HOTBOX-2E6E,c0:ac:54:f7:27:42,11,-93,
2017-12-01 10:44:40,Lenovo PB2-690Y,1,34.81091198,37,1,HP-Print-20-Deskjet 4640 series,fc:15:b4:65:09:20,1,-83,
2017-12-01 10:44:43,Lenovo PB2-690Y,6,34.81083325,37,1,Alpha125,30:b5:c2:e0:55:9c,6,-82,
2017-12-01 10:44:46,Lenovo PB2-690Y,5,34.81075792,37,1,BezeqFree,62:ee:0c:39:f9:16,5,-94,
2017-12-01 10:44:46,Lenovo PB2-690Y,1,34.81075792,37,2,ELCHARAR_2.4,20:0c:c8:0f:21:93,1,-95,Bezeq Free T00C36,5a:0c:c8:0f:21:90,1,-92,
2017-12-01 10:44:49,Lenovo PB2-690Y,1,34.81066887,38,2,BezeqNGN_001489_2.4GHz_1,c0:a0:bb:cb:59:5b,1,-73,netbox,d0:d4:12:65:19:a2,1,-96,
2017-12-01 10:44:52,Lenovo PB2-690Y,6,34.81060214,38,1,forestisthebest,c8:d7:19:da:03:16,6,-78,
2017-12-01 10:44:52,Lenovo PB2-690Y,1,34.81060214,38,2,spielman,f4:f2:6d:34:56:54,1,-79,KaymeraDev,00:f6:63:15:58:81,1,-86,
2017-12-01 10:44:52,Lenovo PB2-690Y,11,34.81060214,38,1,HP-Print-C1-Deskjet 4640 series,28:80:23:f6:e0:c1,11,-87,
2017-12-01 10:44:52,Lenovo PB2-690Y,1,34.81060214,38,1,KaymeraGuest,00:f6:63:15:58:82,1,-86,
2017-12-01 10:44:56,Lenovo PB2-690Y,8,34.81052111,38,1,Oberyn Martell,18:d6:c7:fb:1c:0e,8,-79,
2017-12-01 10:44:56,Lenovo PB2-690Y,6,34.81052111,38,1,INGENEO,cc:b2:55:e8:4c:e6,6,-87,
2017-12-01 10:44:56,Lenovo PB2-690Y,8,34.81052111,38,1,simon,e4:6f:13:73:0a:c2,8,-89,
2017-12-01 10:44:56,Lenovo PB2-690Y,4,34.81052111,38,1,HTC,06:c2:3e:e4:21:85,4,-92,
2017-12-01 10:44:59,Lenovo PB2-690Y,8,34.81060785,38,1,simon,e4:6f:13:73:0a:c2,8,-84,
2017-12-01 10:44:59,Lenovo PB2-690Y,1,34.81060785,38,1,kaymeraQA,00:f6:63:15:58:80,1,-82,
2017-12-01 10:44:59,Lenovo PB2-690Y,11,34.81060785,38,1,BARON WIFI 2.4,60:e3:27:bf:a1:a5,11,-91,
2017-12-01 10:44:59,Lenovo PB2-690Y,1,34.81060785,38,1,cactus,a0:4f:d4:42:ba:71,1,-95,
2017-12-01 10:44:59,Lenovo PB2-690Y,10,34.81060785,38,1,Vision Public,c0:4a:00:f7:00:c1,10,-89,
2017-12-01 10:44:59,Lenovo PB2-690Y,1,34.81060785,38,2,KaymeraGuest,cc:16:7e:97:1d:92,1,-95,Candan,c0:ff:d4:7b:82:30,1,-87,
2017-12-01 10:45:01,Lenovo PB2-690Y,6,34.81074499,37,1,A-Home,00:25:86:b1:6f:f8,6,-81,
2017-12-01 10:45:11,Lenovo PB2-690Y,8,34.81164041,36,1,Oberyn Martell,18:d6:c7:fb:1c:0e,8,-95,
2017-12-01 10:45:11,Lenovo PB2-690Y,6,34.81164041,36,1,INGENEO,cc:b2:55:e8:4c:e6,6,-91,
2017-12-01 10:45:11,Lenovo PB2-690Y,8,34.81164041,36,1,simon,e4:6f:13:73:0a:c2,8,-90,
2017-12-01 10:45:11,Lenovo PB2-690Y,1,34.81164041,36,1,Candan,c0:ff:d4:7b:82:30,1,-88,
2017-12-01 10:45:11,Lenovo PB2-690Y,52,34.81164041,36,1,LRWN,ec:8c:a2:08:a4:5c,52,-69,
2017-12-01 10:45:16,Lenovo PB2-690Y,1,34.81188912,37,1,SE-WiFi-Employees,70:4c:a5:20:be:18,1,-94,
2017-12-01 10:45:23,Lenovo PB2-690Y,9,34.81209444,40,1,RS_GUEST,e4:6f:13:71:f5:ce,9,-92,
2017-12-01 10:45:23,Lenovo PB2-690Y,11,34.81209444,40,1,nina,20:0c:c8:2b:2a:14,11,-92,
2017-12-01 10:45:23,Lenovo PB2-690Y,6,34.81209444,40,1,Einav_1,00:26:5a:10:b7:0a,6,-82,
2017-12-01 10:45:26,Lenovo PB2-690Y,11,34.81218021,40,1,nina,20:0c:c8:2b:2a:14,11,-73,
2017-12-01 10:45:26,Lenovo PB2-690Y,1,34.81218021,40,1,Nehalem_ISR,08:ea:44:74:4b:d5,1,-92,
2017-12-01 10:45:29,Lenovo PB2-690Y,1,34.81225463,40,1,mazia,14:ae:db:b2:5f:05,1,-87,
2017-12-01 10:45:29,Lenovo PB2-690Y,11,34.81225463,40,1,arama,80:1f:02:36:04:d0,11,-90,
2017-12-01 10:45:32,Lenovo PB2-690Y,1,34.81233913,41,1,Candan,c0:ff:d4:7b:82:30,1,-93,
2017-12-01 10:45:32,Lenovo PB2-690Y,6,34.81233913,41,1,Mehta_Up,f8:d1:11:b8:3b:7e,6,-87,
2017-12-01 10:45:32,Lenovo PB2-690Y,1,34.81233913,41,1,HOTBOX-8156,b4:ee:b4:a7:81:5c,1,-92,
2017-12-01 10:45:32,Lenovo PB2-690Y,6,34.81233913,41,1,TUCHLER,00:26:5a:69:94:e3,6,-81,
2017-12-01 10:45:32,Lenovo PB2-690Y,2,34.81233913,41,2,  InnovationEndeavors,74:da:38:a9:1c:df,2,-83,klaiman,a0:ab:1b:62:0d:fc,2,-86,
2017-12-01 10:45:32,Lenovo PB2-690Y,11,34.81233913,41,1,landau,74:da:38:14:4b:88,11,-81,
2017-12-01 10:45:32,Lenovo PB2-690Y,2,34.81233913,41,1,BezeqFree,5a:ab:1b:62:0d:fd,2,-87,
2017-12-01 10:45:32,Lenovo PB2-690Y,6,34.81233913,41,3,UFI_UF230_B3F,00:0b:6c:4d:1b:3f,6,-89,DR_SHOHER_1,14:ae:db:b0:67:dd,6,-94,Astra,00:21:63:4d:73:31,6,-86,
2017-12-01 10:45:35,Lenovo PB2-690Y,11,34.81242227,44,1,arama,80:1f:02:36:04:d0,11,-84,
2017-12-01 10:45:35,Lenovo PB2-690Y,6,34.81242227,44,1,ter123,70:4d:7b:0c:89:50,6,-82,
2017-12-01 10:45:35,Lenovo PB2-690Y,1,34.81242227,44,2,HOTBOX-62EF,d8:fb:5e:17:62:f5,1,-93,Florida_Israel1,48:ee:0c:3b:fa:1e,1,-94,
2017-12-01 10:45:35,Lenovo PB2-690Y,11,34.81242227,44,1,HP-Print-8A-Deskjet 4640 series,8c:dc:d4:6a:a9:8a,11,-89,
2017-12-01 10:45:38,Lenovo PB2-690Y,1,34.81250563,44,1,HOTBOX-62EF,d8:fb:5e:17:62:f5,1,-85,
2017-12-01 10:45:38,Lenovo PB2-690Y,3,34.81250563,44,1,hot,00:1c:10:09:4f:bc,3,-84,
2017-12-01 10:45:38,Lenovo PB2-690Y,11,34.81250563,44,1,geller,00:78:9e:fa:3b:62,11,-90,
2017-12-01 10:45:43,Lenovo PB2-690Y,3,34.81264159,42,1,hot,00:1c:10:09:4f:bc,3,-77,
2017-12-01 10:45:43,Lenovo PB2-690Y,6,34.81264159,42,1,UFI_UF230_B3F,00:0b:6c:4d:1b:3f,6,-63,
2017-12-01 10:45:43,Lenovo PB2-690Y,11,34.81264159,42,1,Oded,14:cc:20:76:b8:2a,11,-89,
2017-12-01 10:45:47,Lenovo PB2-690Y,11,34.8127604,41,3,Oded,14:cc:20:76:b8:2a,11,-65,Oded 2.4Ghz,00:12:2a:e1:6c:48,11,-82,HOTBOX-2017,c0:ac:54:f5:7d:bd,11,-87,
2017-12-01 10:45:47,Lenovo PB2-690Y,1,34.8127604,41,1,TP-LINK_76C08E,14:cc:20:76:c0:8e,1,-93,
2017-12-01 10:45:50,Lenovo PB2-690Y,11,34.81284875,39,1,HOTBOX-2017,c0:ac:54:f5:7d:bd,11,-78,
2017-12-01 10:45:50,Lenovo PB2-690Y,6,34.81284875,39,1,HP-Print-AF-Officejet Pro 6830,28:80:23:40:5f:af,6,-81,
2017-12-01 10:45:50,Lenovo PB2-690Y,1,34.81284875,39,1,TP-LINK_76C08E,14:cc:20:76:c0:8e,1,-86,
2017-12-01 10:45:50,Lenovo PB2-690Y,11,34.81284875,39,1,sirocco_2.4o,c4:e9:84:83:1a:0a,11,-91,
2017-12-01 10:45:53,Lenovo PB2-690Y,2,34.81289934,36,1,  InnovationEndeavors,74:da:38:a9:1c:df,2,-92,
2017-12-01 10:45:53,Lenovo PB2-690Y,9,34.81289934,36,1,BezeqFree,06:ae:db:48:af:4d,9,-93,
2017-12-01 10:45:53,Lenovo PB2-690Y,1,34.81289934,36,1,Candan,c0:ff:d4:7b:82:30,1,-91,
2017-12-01 10:45:59,Lenovo PB2-690Y,6,34.81296105,38,1,UFI_UF230_B3F,00:0b:6c:4d:1b:3f,6,-92,
2017-12-01 10:46:05,Lenovo PB2-690Y,48,34.81299553,38,1,Oded 5Ghz,00:12:2a:e1:6c:4c,48,-82,
2017-12-01 10:46:05,Lenovo PB2-690Y,6,34.81299553,38,1,Motti11,a4:2b:b0:d4:55:36,6,-96,
2017-12-01 10:46:08,Lenovo PB2-690Y,6,34.81302496,39,1,HP-Print-AF-Officejet Pro 6830,28:80:23:40:5f:af,6,-94,
2017-12-01 10:46:08,Lenovo PB2-690Y,1,34.81302496,39,1,TP-LINK_76C08E,14:cc:20:76:c0:8e,1,-94,
2017-12-01 10:46:08,Lenovo PB2-690Y,11,34.81302496,39,1,Oded,14:cc:20:76:b8:2a,11,-92,
2017-12-01 10:46:11,Lenovo PB2-690Y,11,34.81305758,43,1,Oded 2.4Ghz,00:12:2a:e1:6c:48,11,-84,
2017-12-01 10:46:14,Lenovo PB2-690Y,1,34.81314461,44,2,DIR-825-4f83,80:26:89:0d:4f:84,1,-74,Miller,00:78:9e:fa:0e:5c,1,-78,
2017-12-01 10:46:20,Lenovo PB2-690Y,6,34.81345105,41,1,HOTBOX-1A14,00:07:26:4f:07:ae,6,-91,
2017-12-01 10:46:23,Lenovo PB2-690Y,60,34.81365654,42,1,dobry2016_5,6c:b0:ce:ac:32:9c,60,-89,
2017-12-01 10:46:29,Lenovo PB2-690Y,6,34.81402472,40,2,DIRECT-CC-HP DeskJet 4670 series,70:5a:0f:b2:64:cd,6,-89,Orit,c4:a8:1d:12:7d:4c,6,-80,
2017-12-01 10:46:29,Lenovo PB2-690Y,11,34.81402472,40,1,Lahav,08:3e:5d:5c:72:5e,11,-94,
2017-12-01 10:46:32,Lenovo PB2-690Y,1,34.81420816,40,1,DIR-825-4f83,80:26:89:0d:4f:84,1,-85,
2017-12-01 10:46:32,Lenovo PB2-690Y,11,34.81420816,40,2,Mevohot_3,60:e3:27:e8:41:e8,11,-93,Wifi,74:44:01:39:09:86,11,-93,
2017-12-01 10:46:38,Lenovo PB2-690Y,1,34.81443463,40,1,love,14:ae:db:58:73:75,1,-70,
2017-12-01 10:49:21,Lenovo PB2-690Y,11,34.81440381,51,1,Zvi_2.4,10:5a:f7:0f:d5:32,11,-91,
2017-12-01 10:49:42,Lenovo PB2-690Y,9,34.81413625,45,1,BezeqFree,62:ee:0c:3d:eb:b9,9,-88,
2017-12-01 10:49:51,Lenovo PB2-690Y,11,34.81367079,44,1,Lahav,b0:b2:8f:01:ad:fe,11,-73,
2017-12-01 10:50:00,Lenovo PB2-690Y,1,34.81316731,41,1,DIR-825-4f83,80:26:89:0d:4f:84,1,-71,
2017-12-01 10:50:00,Lenovo PB2-690Y,11,34.81316731,41,3,Mevohot_3,60:e3:27:e8:41:e8,11,-80,BezeqFree,06:ae:db:ba:1e:85,11,-76,GuyHila,14:ae:db:ba:1e:85,11,-76,
2017-12-01 10:50:06,Lenovo PB2-690Y,6,34.81286197,42,1,DIRECT-CC-HP DeskJet 4670 series,70:5a:0f:b2:64:cd,6,-80,
2017-12-01 10:50:09,Lenovo PB2-690Y,6,34.81263803,42,2,DIRECT-CC-HP DeskJet 4670 series,70:5a:0f:b2:64:cd,6,-75,BS-WIFI-4EVER,fc:75:16:55:27:fa,6,-94,
2017-12-01 10:50:12,Lenovo PB2-690Y,1,34.81242662,42,1,DIRECT-74-HP DeskJet 4670 series,3c:52:82:af:42:75,1,-59,
2017-12-01 10:50:15,Lenovo PB2-690Y,2,34.81222007,42,1,NIPPON_3687,08:97:58:32:d2:98,2,-79,
2017-12-01 10:50:15,Lenovo PB2-690Y,6,34.81222007,42,1,Gil Kitchen,80:1f:02:a3:7d:62,6,-87,
2017-12-01 10:50:18,Lenovo PB2-690Y,10,34.81207339,43,1,urigil1,a0:ab:1b:5d:c2:60,10,-97,
2017-12-01 10:50:21,Lenovo PB2-690Y,1,34.81201158,41,1,varda,c4:12:f5:85:27:c2,1,-83,
2017-12-01 10:50:21,Lenovo PB2-690Y,60,34.81201158,41,1,varda_HD,c4:12:f5:85:27:c1,60,-88,
2017-12-01 10:50:27,Lenovo PB2-690Y,6,34.81187369,37,1,Shani - Green,54:b8:0a:34:68:90,6,-89,
2017-12-01 10:50:36,Lenovo PB2-690Y,1,34.81165241,37,1,maya salon,c4:a8:1d:12:df:c5,1,-89,
2017-12-01 10:50:36,Lenovo PB2-690Y,7,34.81165241,37,1,luxynet,00:c0:02:0a:c6:c2,7,-93,
2017-12-01 10:50:36,Lenovo PB2-690Y,1,34.81165241,37,1,@Cafe,52:a8:1d:12:df:c4,1,-92,
2017-12-01 10:50:45,Lenovo PB2-690Y,5,34.81137225,32,2,Gana7_2GExt,64:d9:54:e4:95:37,5,-90,Gana7,48:ee:0c:3c:30:1e,5,-93,
2017-12-01 10:50:48,Lenovo PB2-690Y,1,34.81126162,29,1,shlomi,d8:5d:4c:d9:c4:68,1,-82,
2017-12-01 10:50:54,Lenovo PB2-690Y,1,34.81107053,29,1,shlomi,d8:5d:4c:d9:c4:68,1,-77,
2017-12-01 10:50:58,Lenovo PB2-690Y,2,34.81094348,29,1,  InnovationEndeavors,74:da:38:a9:1c:df,2,-89,
2017-12-01 10:50:58,Lenovo PB2-690Y,1,34.81094348,29,1,Eric 2.4,c4:a8:1d:13:2a:95,1,-87,
2017-12-01 10:51:01,Lenovo PB2-690Y,6,34.81088834,28,1,oved-main_2EX,74:da:38:97:66:9d,6,-77,
2017-12-01 10:51:01,Lenovo PB2-690Y,10,34.81088834,28,1,bait,10:be:f5:3f:b2:ce,10,-94,
2017-12-01 10:51:01,Lenovo PB2-690Y,1,34.81088834,28,1,HOTBOX12,a0:8e:78:7f:2a:69,1,-87,
2017-12-01 10:51:04,Lenovo PB2-690Y,1,34.81083489,27,1,Li,c0:ac:54:f8:6b:28,1,-80,
2017-12-01 10:51:07,Lenovo PB2-690Y,5,34.81078619,23,1,Ronizyc1,48:ee:0c:39:f9:15,5,-92,
2017-12-01 10:51:10,Lenovo PB2-690Y,5,34.81076003,23,2,BezeqFree,62:ee:0c:39:f9:16,5,-84,Ronizyc1,48:ee:0c:39:f9:15,5,-85,
2017-12-01 10:51:13,Lenovo PB2-690Y,11,34.81073707,24,1,dlink-A09C,ac:f1:df:76:a0:9c,11,-94,
2017-12-01 10:51:19,Lenovo PB2-690Y,6,34.81072683,27,1,forestisthebest,c8:d7:19:d4:7c:73,6,-93,
2017-12-01 10:51:31,Lenovo PB2-690Y,40,34.81071795,29,1,edimax_5G_A9241C,74:da:38:a9:24:1c,40,-84,
2017-12-01 10:52:13,Lenovo PB2-690Y,6,34.81070436,31,1,forestisthebest-guest,c8:d7:19:d4:7c:75,6,-94,
2017-12-01 10:52:43,Lenovo PB2-690Y,40,34.81071282,32,1,edimax_5G_A9241C,74:da:38:a9:24:1c,40,-79,
2017-12-01 10:55:10,Lenovo PB2-690Y,10,34.81068889,29,1,BezeqFree,62:be:f5:40:26:83,10,-96,
2017-12-01 10:55:46,Lenovo PB2-690Y,11,34.81066982,25,1,Home,34:36:3b:c2:be:b8,11,-91,
2017-12-01 10:56:21,Lenovo PB2-690Y,10,34.81065234,31,1,Home,10:be:f5:40:26:82,10,-89,
2017-12-01 10:56:54,Lenovo PB2-690Y,8,34.81062139,31,1,Oberyn Martell,18:d6:c7:fb:1c:0e,8,-89,
2017-12-01 10:56:58,Lenovo PB2-690Y,8,34.81057719,30,1,simon,e4:6f:13:73:0a:c2,8,-90,
2017-12-01 10:57:01,Lenovo PB2-690Y,1,34.8105797,31,1,DIRECT-a8-HP M477 LaserJet,aa:6b:ad:04:c6:a8,1,-94,
2017-12-01 10:57:04,Lenovo PB2-690Y,10,34.81066791,31,1,Levy,f8:ab:05:46:de:55,10,-85,
2017-12-01 10:57:04,Lenovo PB2-690Y,1,34.81066791,31,1,DIRECT-F4-HP DeskJet 3830 series,c8:d3:ff:57:60:f5,1,-93,
2017-12-01 10:57:19,Lenovo PB2-690Y,11,34.81180676,32,1,LRWN,ec:8c:a2:09:dd:48,11,-59,
2017-12-01 10:57:37,Lenovo PB2-690Y,11,34.81229045,33,2,nina,20:0c:c8:2b:2a:14,11,-67,arama,80:1f:02:36:04:d0,11,-76,
2017-12-01 10:57:37,Lenovo PB2-690Y,2,34.81229045,33,1,  InnovationEndeavors,74:da:38:a9:1c:df,2,-89,
2017-12-01 10:57:43,Lenovo PB2-690Y,11,34.81265851,32,1,arama,80:1f:02:36:04:d0,11,-67,
2017-12-01 10:57:43,Lenovo PB2-690Y,1,34.81265851,32,1,HOTFiber arama,e0:ce:c3:23:12:30,1,-76,
2017-12-01 10:57:55,Lenovo PB2-690Y,10,34.81343376,35,1,Ab,90:8d:78:54:d9:69,10,-95,
2017-12-01 10:57:55,Lenovo PB2-690Y,6,34.81343376,35,1,hilda,00:30:4f:91:38:b3,6,-73,
2017-12-01 10:57:55,Lenovo PB2-690Y,11,34.81343376,35,2,NETGEAR_DGN2200,10:0d:7f:83:6c:fe,11,-93,Bezeq Free 836CFE,52:0d:7f:83:6c:ff,11,-90,
2017-12-01 10:57:55,Lenovo PB2-690Y,1,34.81343376,35,1,Candan,c0:ff:d4:7b:82:30,1,-96,
2017-12-01 10:57:58,Lenovo PB2-690Y,1,34.81346387,35,1,Candan,c0:ff:d4:7b:82:30,1,-90,
2017-12-01 10:57:58,Lenovo PB2-690Y,11,34.81346387,35,2,kawasaki,48:ee:0c:3b:ac:5a,11,-75,Bezeq Free,62:ee:0c:3b:ac:5b,11,-75,
2017-12-01 10:58:02,Lenovo PB2-690Y,11,34.81351135,36,1,shmulik,d0:d4:12:64:05:12,11,-80,
2017-12-01 10:58:05,Lenovo PB2-690Y,11,34.81353649,37,1,Pantum-AP-9DDCCB,28:f3:66:9d:dc:cb,11,-84,
2017-12-01 10:58:08,Lenovo PB2-690Y,7,34.81356425,37,1,Daizad,e8:cc:18:ac:1a:52,7,-72,
2017-12-01 10:58:08,Lenovo PB2-690Y,9,34.81356425,37,1,Beni,c4:12:f5:f4:82:42,9,-96,
2017-12-01 10:58:08,Lenovo PB2-690Y,6,34.81356425,37,1,Is,16:0c:c3:ee:27:39,6,-83,
2017-12-01 10:58:08,Lenovo PB2-690Y,1,34.81356425,37,1,HOTBOX-F028,00:78:9e:fa:6f:c3,1,-85,
2017-12-01 10:58:11,Lenovo PB2-690Y,1,34.81358945,39,1,HOTBOX-F028,18:1e:78:86:03:15,1,-61,
2017-12-01 10:58:11,Lenovo PB2-690Y,6,34.81358945,39,1,amnon,c0:ac:54:f8:6c:8a,6,-87,
2017-12-01 10:58:11,Lenovo PB2-690Y,10,34.81358945,39,1,yotam17,b0:b2:8f:36:a2:b3,10,-91,
2017-12-01 10:58:11,Lenovo PB2-690Y,6,34.81358945,39,1,Motti11,a4:2b:b0:d4:55:36,6,-93,
2017-12-01 10:58:14,Lenovo PB2-690Y,9,34.81362514,40,1,Beni,c4:12:f5:f4:82:42,9,-88,
2017-12-01 10:58:14,Lenovo PB2-690Y,1,34.81362514,40,1,HOTBOX,c0:ac:54:f7:42:60,1,-82,
2017-12-01 10:58:17,Lenovo PB2-690Y,9,34.81363121,41,1,Beni,c4:12:f5:f4:82:42,9,-80,
2017-12-01 10:58:17,Lenovo PB2-690Y,1,34.81363121,41,1,HOTBOX111,c0:ac:54:f7:3c:c2,1,-89,
2017-12-01 10:58:20,Lenovo PB2-690Y,6,34.81352307,40,1,MNP_HOME_2.4GHz_1,04:a1:51:e0:5f:ee,6,-81,
2017-12-01 10:58:20,Lenovo PB2-690Y,1,34.81352307,40,1,test012,00:12:2a:d2:0c:38,1,-87,
2017-12-01 10:58:20,Lenovo PB2-690Y,10,34.81352307,40,1,My_Internet,fc:75:16:2e:5a:47,10,-88,
2017-12-01 10:58:20,Lenovo PB2-690Y,1,34.81352307,40,1,nurit,a0:4f:d4:45:1f:a1,1,-95,
2017-12-01 10:58:23,Lenovo PB2-690Y,9,34.81334185,40,1,Yotam _ work _ room,d8:5d:4c:d1:4d:b0,9,-75,
2017-12-01 10:58:23,Lenovo PB2-690Y,10,34.81334185,40,1,yotam17,f8:ab:05:e9:6d:3d,10,-81,
2017-12-01 10:58:23,Lenovo PB2-690Y,8,34.81334185,40,1,Yotam_Shir,00:26:5a:24:f4:f0,8,-90,
2017-12-01 10:58:26,Lenovo PB2-690Y,1,34.81312098,40,1,nurit,a0:4f:d4:45:1f:a1,1,-74,
2017-12-01 10:58:26,Lenovo PB2-690Y,10,34.81312098,40,1,yotam17,f8:ab:05:e9:6d:3d,10,-75,
2017-12-01 10:58:26,Lenovo PB2-690Y,60,34.81312098,40,1,tal2,90:8d:78:54:22:a1,60,-86,
2017-12-01 10:58:26,Lenovo PB2-690Y,1,34.81312098,40,1,tal,90:8d:78:54:22:a2,1,-81,
2017-12-01 10:58:26,Lenovo PB2-690Y,11,34.81312098,40,1,sirocco_2.4o,14:cc:20:09:3c:b9,11,-93,
2017-12-01 10:58:29,Lenovo PB2-690Y,6,34.81293682,39,1,044870715,14:ae:db:b7:ab:ad,6,-85,
2017-12-01 10:58:29,Lenovo PB2-690Y,10,34.81293682,39,1,yotam17,7c:b7:33:ea:b8:ff,10,-93,
2017-12-01 10:58:35,Lenovo PB2-690Y,48,34.81276023,40,1,Oded 5Ghz,00:12:2a:e1:6c:4c,48,-84,
2017-12-01 10:58:35,Lenovo PB2-690Y,6,34.81276023,40,1,HP-Print-AF-Officejet Pro 6830,28:80:23:40:5f:af,6,-78,
2017-12-01 10:58:35,Lenovo PB2-690Y,11,34.81276023,40,2,Oded 2.4Ghz,00:12:2a:e1:6c:48,11,-79,Oded,14:cc:20:76:b8:2a,11,-81,
2017-12-01 10:58:35,Lenovo PB2-690Y,6,34.81276023,40,1,Motti11,a4:2b:b0:d4:55:36,6,-87,
2017-12-01 10:58:38,Lenovo PB2-690Y,6,34.81267377,40,1,HP-Print-AF-Officejet Pro 6830,28:80:23:40:5f:af,6,-71,
2017-12-01 10:58:38,Lenovo PB2-690Y,11,34.81267377,40,3,Oded,14:cc:20:76:b8:2a,11,-70,HOTBOX-2017,c0:ac:54:f5:7d:bd,11,-72,Laufer-wifi,4c:60:de:51:8b:ca,11,-93,
2017-12-01 10:58:38,Lenovo PB2-690Y,1,34.81267377,40,1,TP-LINK_76C08E,14:cc:20:76:c0:8e,1,-90,
2017-12-01 10:58:41,Lenovo PB2-690Y,6,34.81258739,41,1,UFI_UF230_B3F,00:0b:6c:4d:1b:3f,6,-75,
2017-12-01 10:58:44,Lenovo PB2-690Y,6,34.81251639,41,1,UFI_UF230_B3F,00:0b:6c:4d:1b:3f,6,-69,
2017-12-01 10:58:44,Lenovo PB2-690Y,3,34.81251639,41,1,hot,00:1c:10:09:4f:bc,3,-71,
2017-12-01 10:58:50,Lenovo PB2-690Y,6,34.81274376,40,1,frank,e8:94:f6:e2:6e:4b,6,-80,
2017-12-01 10:58:50,Lenovo PB2-690Y,9,34.81274376,40,2,TP-LINK_E3CA,84:16:f9:e4:e3:ca,9,-77,edimax.setup,74:da:38:c6:57:9b,9,-71,
2017-12-01 10:59:11,Lenovo PB2-690Y,6,34.81360361,47,1,amnon,c0:ac:54:f8:6c:8a,6,-78,
2017-12-01 10:59:17,Lenovo PB2-690Y,1,34.81359455,43,1,Partner-4G-B6D4,a8:c8:3a:35:b6:d4,1,-92,
2017-12-01 10:59:20,Lenovo PB2-690Y,10,34.81338487,43,1,My_Internet,fc:75:16:2e:5a:47,10,-81,
2017-12-01 10:59:23,Lenovo PB2-690Y,60,34.81313135,41,1,tal2,90:8d:78:54:22:a1,60,-78,
2017-12-01 10:59:26,Lenovo PB2-690Y,11,34.81295,41,1,sirocco_2.4o,14:cc:20:09:3c:b9,11,-83,
2017-12-01 10:59:29,Lenovo PB2-690Y,1,34.81283207,36,1,DIR-825-4f83,80:26:89:0d:4f:84,1,-91,
2017-12-01 10:59:35,Lenovo PB2-690Y,40,34.8126719,38,1,motti-5ghz,a4:2b:b0:d4:55:38,40,-88,
2017-12-01 10:59:35,Lenovo PB2-690Y,6,34.8126719,38,1,Motti11,a4:2b:b0:d4:55:36,6,-82,
2017-12-01 10:59:41,Lenovo PB2-690Y,9,34.8124744,40,1,hot,00:14:bf:42:7e:96,9,-88,
2017-12-01 10:59:44,Lenovo PB2-690Y,9,34.81237323,40,1,hot,00:14:bf:42:7e:96,9,-83,
2017-12-01 10:59:44,Lenovo PB2-690Y,1,34.81237323,40,1,SIEMENS_LivingRoom,d4:6e:0e:3c:44:e1,1,-77,
2017-12-01 10:59:44,Lenovo PB2-690Y,11,34.81237323,40,1,hot,18:d6:c7:97:bd:2a,11,-86,
2017-12-01 10:59:47,Lenovo PB2-690Y,11,34.81226934,40,1,landau,d4:7b:b0:79:65:fc,11,-89,
2017-12-01 10:59:50,Lenovo PB2-690Y,6,34.81217399,40,1,DIRECT-1C-HP DeskJet 3830 series,94:57:a5:4b:4f:41,6,-77,
2017-12-01 10:59:50,Lenovo PB2-690Y,9,34.81217399,40,1,BezeqFree,06:ae:db:48:af:4d,9,-90,
2017-12-01 10:59:56,Lenovo PB2-690Y,11,34.81198781,37,1,Home,82:2a:a8:bf:94:29,11,-70,
2017-12-01 10:59:59,Lenovo PB2-690Y,1,34.81188495,38,1,Candan,c0:ff:d4:7b:82:30,1,-86,
2017-12-01 11:00:05,Lenovo PB2-690Y,6,34.8118695,35,1,Mehta_Up,f8:d1:11:b8:3b:7e,6,-86,
2017-12-01 11:00:05,Lenovo PB2-690Y,1,34.8118695,35,1,HOTBOX-8156,b4:ee:b4:a7:81:5c,1,-93,
2017-12-01 11:00:08,Lenovo PB2-690Y,36,34.81188449,36,1,LRWN,0c:f4:d5:29:a2:9c,36,-72,
2017-12-01 11:00:19,Lenovo PB2-690Y,11,34.81190459,33,1,Fuck Off,14:cc:20:da:ab:9a,11,-77,
2017-12-01 11:00:25,Lenovo PB2-690Y,1,34.81209986,36,1,Home,82:2a:a8:bf:93:e5,1,-85,
2017-12-01 11:00:31,Lenovo PB2-690Y,6,34.81230743,38,1,Mehta_Up,f8:d1:11:b8:3b:7e,6,-93,
2017-12-01 11:00:34,Lenovo PB2-690Y,11,34.81240174,38,1,Siemens,d0:d4:12:5e:db:f2,11,-82,
2017-12-01 11:00:34,Lenovo PB2-690Y,2,34.81240174,38,1,BezeqFree,5a:ab:1b:62:0d:fd,2,-82,
2017-12-01 11:00:34,Lenovo PB2-690Y,11,34.81240174,38,1,HP-Print-8A-Deskjet 4640 series,8c:dc:d4:6a:a9:8a,11,-84,
2017-12-01 11:00:40,Lenovo PB2-690Y,11,34.81259485,37,1,Gillad-1_2.4,c4:04:15:64:e8:cc,11,-77,
2017-12-01 11:00:43,Lenovo PB2-690Y,1,34.81270666,38,1,TP-LINK_76C08E,14:cc:20:76:c0:8e,1,-85,
2017-12-01 11:00:49,Lenovo PB2-690Y,6,34.81280707,37,1,Motti11,a4:2b:b0:d4:55:36,6,-74,
2017-12-01 11:00:52,Lenovo PB2-690Y,11,34.81287892,38,1,Siemens,d0:d4:12:5e:db:f2,11,-93,
2017-12-01 11:01:01,Lenovo PB2-690Y,11,34.81297848,39,1,Oded,14:cc:20:76:b8:2a,11,-87,
2017-12-01 11:01:01,Lenovo PB2-690Y,1,34.81297848,39,1,HOTBOX-747B,e8:d1:1b:72:74:81,1,-91,
2017-12-01 11:01:04,Lenovo PB2-690Y,1,34.81300217,38,1,DIR-825-4f83,80:26:89:0d:4f:84,1,-84,
2017-12-01 11:01:07,Lenovo PB2-690Y,1,34.81302647,39,1,DIR-825-4f83,80:26:89:0d:4f:84,1,-76,
2017-12-01 11:01:10,Lenovo PB2-690Y,1,34.81308783,38,1,DIR-825-4f83,80:26:89:0d:4f:84,1,-70,
2017-12-01 11:01:19,Lenovo PB2-690Y,6,34.81368604,36,1,DIRECT-CC-HP DeskJet 4670 series,70:5a:0f:b2:64:cd,6,-93,
2017-12-01 11:01:19,Lenovo PB2-690Y,5,34.81368604,36,1,lellouche,a4:2b:b0:ad:2d:34,5,-82,
2017-12-01 11:01:23,Lenovo PB2-690Y,9,34.81400233,37,1,sellahome,d8:fb:5e:17:47:f8,9,-89,
2017-12-01 11:01:23,Lenovo PB2-690Y,10,34.81400233,37,1,Ben-Eliyahu_PC,80:1f:02:d4:9a:92,10,-92,
2017-12-01 11:01:26,Lenovo PB2-690Y,6,34.81420299,37,1,Orit,c4:a8:1d:12:7d:4c,6,-66,
2017-12-01 10:49:08,SM-G950F,1,34.81446401702757,13.65040888895076,1,Efrat,40:65:a3:35:4c:c4,1,-75,
2017-12-01 10:49:14,SM-G950F,4,34.814448298318844,15.376435938028056,1,Volvo247,08:97:58:32:69:c6,4,-81,
2017-12-01 10:49:29,SM-G950F,1,34.81436692415887,25.869143128974688,1,love,14:ae:db:58:73:75,1,-78,
2017-12-01 10:49:44,SM-G950F,1,34.814036899369874,30.59005383029067,1,Chakir,00:12:2a:35:c8:7c,1,-86,
2017-12-01 10:49:47,SM-G950F,6,34.81387685906902,30.93962047051264,1,Orit,c4:a8:1d:12:7d:4c,6,-69,
2017-12-01 10:49:56,SM-G950F,6,34.81336124587249,31.34185373223523,1,Mevohot_1,20:0c:c8:1b:a2:48,6,-70,
2017-12-01 10:50:05,SM-G950F,1,34.81291470608912,31.60427366454716,2,DIR-825-4f83,80:26:89:0d:4f:84,1,-77,DIR-825-4f83,80:26:89:0d:4f:84,1,-68,
2017-12-01 10:50:08,SM-G950F,2,34.812693847413286,31.655143780144986,1,NIPPON_3687,08:97:58:32:d2:98,2,-88,
2017-12-01 10:50:11,SM-G950F,2,34.81247911919242,31.65132309930995,1,NIPPON_3687,08:97:58:32:d2:98,2,-80,
2017-12-01 10:50:11,SM-G950F,11,34.81247911919242,31.65132309930995,1,Hotbox,00:78:9e:f9:e8:58,11,-91,
2017-12-01 10:50:14,SM-G950F,1,34.81226897382831,31.618010387253292,1,varda,c4:12:f5:85:27:c2,1,-86,
2017-12-01 10:50:20,SM-G950F,10,34.812042356198646,31.564860016164797,1,Helen.,a0:ab:1b:57:cd:42,10,-74,
2017-12-01 10:50:29,SM-G950F,11,34.8118405837912,31.30445033277722,1,Ben Ami_2.4,c4:04:15:60:6a:b5,11,-73,
2017-12-01 10:50:32,SM-G950F,1,34.811768201385796,31.186797226280795,1,varda,c4:12:f5:85:27:c2,1,-88,
2017-12-01 10:50:35,SM-G950F,48,34.81168874408503,31.090525572576986,1,ronkla2_5,3c:1e:04:07:2a:ff,48,-85,
2017-12-01 10:50:38,SM-G950F,1,34.811600945951724,30.92205515278031,1,mika1,c4:12:f5:fb:c0:3e,1,-77,
2017-12-01 10:50:47,SM-G950F,5,34.81130191879183,30.49189808903073,1,Gana7_2GExt,64:d9:54:e4:95:37,5,-88,
2017-12-01 10:50:50,SM-G950F,6,34.811205413681165,30.648087593734658,1,Guymic,14:ae:db:b7:99:2d,6,-78,
2017-12-01 10:50:53,SM-G950F,1,34.811098338566204,30.62847275857126,1,stephane,00:24:2b:cf:13:21,1,-82,
2017-12-01 10:50:56,SM-G950F,6,34.81099874038432,30.62659341727973,1,devolo-0f4,30:d3:2d:37:20:f4,6,-80,
2017-12-01 10:50:56,SM-G950F,1,34.81099874038432,30.62659341727973,1,HOTBOX-4D4E,00:78:9e:fb:1e:09,1,-91,
2017-12-01 10:50:59,SM-G950F,1,34.81092582224991,30.446072012812692,1,Neeman2.4,20:0c:c8:1d:c8:2b,1,-78,
2017-12-01 10:50:59,SM-G950F,6,34.81092582224991,30.446072012812692,1,oved-main_2EX,74:da:38:97:66:9d,6,-78,
2017-12-01 10:51:02,SM-G950F,6,34.810858045280845,30.475360437267003,1,oved-main,74:da:39:54:b8:1d,6,-83,
2017-12-01 10:51:08,SM-G950F,11,34.81077184677352,30.418708757918328,1,Lili,c4:12:f5:f9:5c:7c,11,-86,
2017-12-01 10:51:08,SM-G950F,2,34.81077184677352,30.418708757918328,1,Liliup,74:da:38:c3:12:45,2,-88,
2017-12-01 10:51:08,SM-G950F,1,34.81077184677352,30.418708757918328,3,ELCHARAR_2.4,20:0c:c8:0f:21:93,1,-89,Alpha125,10:fe:ed:74:fc:46,1,-90,Bezeq Free T00C36,5a:0c:c8:0f:21:90,1,-92,
2017-12-01 10:51:11,SM-G950F,11,34.81074036189685,30.417555185780614,1,dlink-A09C,ac:f1:df:76:a0:9c,11,-91,
2017-12-01 10:51:14,SM-G950F,40,34.81072496254775,30.408083632363006,1,edimax_5G_A9241C,74:da:38:a9:24:1c,40,-82,
2017-12-01 10:51:20,SM-G950F,1,34.81072496254775,30.410277054761934,1,spielman,7c:b7:33:2b:c4:52,1,-81,
2017-12-01 10:51:26,SM-G950F,6,34.81072496254775,30.402558717210276,1,forestisthebest,c8:d7:19:da:03:16,6,-54,
2017-12-01 10:51:56,SM-G950F,1,34.81072496254775,30.282964951541523,1,evanson,7c:03:4c:fe:f6:68,1,-93,
2017-12-01 10:53:11,SM-G950F,1,34.81072496254775,29.810774319909903,1,KaymeraDev,00:f6:63:15:58:81,1,-84,
2017-12-01 10:53:44,SM-G950F,1,34.81072496254775,29.548431945777384,1,KaymeraDev,00:f6:63:15:58:81,1,-78,
2017-12-01 10:53:47,SM-G950F,1,34.81072496254775,29.526404101045063,1,spielman,7c:b7:33:2b:c4:52,1,-73,
2017-12-01 10:54:11,SM-G950F,1,34.81072496254775,29.378351155752636,1,evanson,7c:03:4c:fe:f6:68,1,-80,
2017-12-01 10:54:23,SM-G950F,1,34.81072496254775,29.326111975136897,1,BezeqNGN_001489_2.4GHz_1,c0:a0:bb:cb:59:5b,1,-68,
2017-12-01 10:54:41,SM-G950F,6,34.81072496254775,29.2667725415671,1,oved-main,74:da:39:54:b8:1d,6,-64,
2017-12-01 10:55:47,SM-G950F,1,34.81068174685835,28.886321206805917,1,spielman,f4:f2:6d:34:56:54,1,-77,
2017-12-01 10:55:50,SM-G950F,2,34.8106650271149,28.810367981340118,1,Jamcanup,74:da:38:c3:0d:6b,2,-87,
2017-12-01 10:55:50,SM-G950F,4,34.8106650271149,28.810367981340118,1,Jamcandown,74:da:38:b6:f6:c9,4,-89,
2017-12-01 10:55:56,SM-G950F,2,34.8106650271149,28.77355504306178,1,edimax_2.4G_ruty,74:da:38:d3:bb:81,2,-80,
2017-12-01 10:55:56,SM-G950F,11,34.8106650271149,28.77355504306178,1,HP-Print-C1-Deskjet 4640 series,28:80:23:f6:e0:c1,11,-86,
2017-12-01 10:56:55,SM-G950F,11,34.810619520712386,28.06850525498688,1,HP-Print-C1-Deskjet 4640 series,28:80:23:f6:e0:c1,11,-81,
2017-12-01 10:56:58,SM-G950F,6,34.81057058716543,27.5643827071327,1,iFOREX,f8:d1:11:b1:92:93,6,-91,
2017-12-01 10:57:02,SM-G950F,6,34.81061687133246,27.49950646026102,1,INGENEO,cc:b2:55:e8:4c:e6,6,-91,
2017-12-01 10:57:02,SM-G950F,1,34.81061687133246,27.49950646026102,2,DIRECT-a8-HP M477 LaserJet,aa:6b:ad:04:c6:a8,1,-91,Candan,c0:ff:d4:7b:82:30,1,-89,
2017-12-01 10:57:05,SM-G950F,11,34.81078259065756,27.14415548219039,1,LRWN,ec:8c:a2:09:dd:48,11,-91,
2017-12-01 10:57:11,SM-G950F,11,34.81129910090613,26.895184619901016,1,HOTBOX111,c0:ac:54:f6:ae:5e,11,-77,
2017-12-01 10:57:14,SM-G950F,11,34.81154567298425,26.885456221515238,1,LRWN,ec:8c:a2:09:dd:48,11,-86,
2017-12-01 10:57:17,SM-G950F,11,34.81174537287164,26.96056003278366,1,LRWN,ec:8c:a2:09:dd:48,11,-74,
2017-12-01 10:57:17,SM-G950F,2,34.81174537287164,26.96056003278366,1,  InnovationEndeavors,74:da:38:a9:1c:df,2,-88,
2017-12-01 10:57:17,SM-G950F,6,34.81174537287164,26.96056003278366,1,HOTFiber-400D,b4:ee:b4:36:dd:b9,6,-89,
2017-12-01 10:57:19,SM-G950F,36,34.81183319930766,27.057519941460445,1,LRWN,0c:f4:d5:29:a2:9c,36,-68,
2017-12-01 10:57:19,SM-G950F,1,34.81183319930766,27.057519941460445,1,Talfamily,e0:ce:c3:86:a7:9e,1,-80,
2017-12-01 10:57:23,SM-G950F,1,34.81193255078027,27.16529272330712,1,HOTBOX-8156,b4:ee:b4:a7:81:5c,1,-89,
2017-12-01 10:57:26,SM-G950F,9,34.81201044802282,27.21999505256496,1,Fuck Off Yourself,16:ae:db:c1:ae:55,9,-79,
2017-12-01 10:57:26,SM-G950F,11,34.81201044802282,27.21999505256496,1,Fuck Off ext,a4:2b:b0:e0:3a:01,11,-80,
2017-12-01 10:57:26,SM-G950F,6,34.81201044802282,27.21999505256496,1,Mheta_AP,86:2a:a8:eb:a9:60,6,-90,
2017-12-01 10:57:29,SM-G950F,1,34.81208525807686,27.286889233099085,2,ELCHARAR_2.4,20:0c:c8:0f:21:93,1,-90,Bezeq Free T00C36,5a:0c:c8:0f:21:90,1,-90,
2017-12-01 10:57:50,SM-G950F,11,34.81323889640528,27.210830449251343,1,nina,20:0c:c8:2b:2a:14,11,-91,
2017-12-01 10:57:53,SM-G950F,6,34.813408321637986,27.26150168083893,2,hilda,00:30:4f:91:36:07,6,-71,DIRECT-29-HP OfficeJet Pro 8710,ec:8e:b5:05:57:19,6,-91,
2017-12-01 10:57:56,SM-G950F,1,34.81347187978352,27.703358675305417,1,Candan,c0:ff:d4:7b:82:30,1,-89,
2017-12-01 10:58:02,SM-G950F,6,34.813514176763185,29.07004588283799,1,dlink,00:24:01:18:99:57,6,-67,
2017-12-01 10:58:02,SM-G950F,1,34.813514176763185,29.07004588283799,1,orange,00:21:04:e7:95:da,1,-90,
2017-12-01 10:58:02,SM-G950F,6,34.813514176763185,29.07004588283799,1,Bezeq Free,62:19:8f:46:9f:bf,6,-94,
2017-12-01 10:58:05,SM-G950F,1,34.813537076757704,29.467349061309914,1,orange,00:21:04:e7:95:da,1,-74,
2017-12-01 10:58:08,SM-G950F,1,34.81356387819144,29.626149949895638,2,HOTBOX-F028,18:1e:78:86:03:15,1,-76,HOTBOX-F028,00:78:9e:fa:6f:c3,1,-80,
2017-12-01 10:58:11,SM-G950F,6,34.813595071211296,29.523181901977164,2,amnon,c0:ac:54:f8:6c:8a,6,-85,Is,16:0c:c3:ee:27:39,6,-88,
2017-12-01 10:58:11,SM-G950F,10,34.813595071211296,29.523181901977164,1,My_Internet,fc:75:16:2e:5a:47,10,-90,
2017-12-01 10:58:11,SM-G950F,9,34.813595071211296,29.523181901977164,1,Beni,c4:12:f5:f4:82:42,9,-91,
2017-12-01 10:58:14,SM-G950F,9,34.81363414318978,29.098105928258406,1,Beni,c4:12:f5:f4:82:42,9,-82,
2017-12-01 10:58:14,SM-G950F,1,34.81363414318978,29.098105928258406,1,HOTBOX,c0:ac:54:f7:42:60,1,-90,
2017-12-01 10:58:17,SM-G950F,1,34.81362985551846,28.81880764900309,1,HOTBOX111,c0:ac:54:f7:3c:c2,1,-87,
2017-12-01 10:58:20,SM-G950F,10,34.81350325265134,28.866614638393763,1,My_Internet,fc:75:16:2e:5a:47,10,-77,
2017-12-01 10:58:20,SM-G950F,6,34.81350325265134,28.866614638393763,1,MNP_HOME_2.4GHz_1,04:a1:51:e0:5f:ee,6,-85,
2017-12-01 10:58:20,SM-G950F,1,34.81350325265134,28.866614638393763,1,test012,00:12:2a:d2:0c:38,1,-88,
2017-12-01 10:58:23,SM-G950F,9,34.81330158971711,28.915995433589472,1,Yotam _ work _ room,d8:5d:4c:d1:4d:b0,9,-68,
2017-12-01 10:58:23,SM-G950F,1,34.81330158971711,28.915995433589472,1,tal,90:8d:78:54:22:a2,1,-87,
2017-12-01 10:58:26,SM-G950F,11,34.813083395926654,28.87277115238635,1,sirocco_2.4o,c4:e9:84:83:1a:0a,11,-79,
2017-12-01 10:58:26,SM-G950F,1,34.813083395926654,28.87277115238635,2,tal,90:8d:78:54:22:a2,1,-79,nurit,a0:4f:d4:45:1f:a1,1,-78,
2017-12-01 10:58:26,SM-G950F,6,34.813083395926654,28.87277115238635,1,044870715,14:ae:db:b7:ab:ad,6,-81,
2017-12-01 10:58:26,SM-G950F,60,34.813083395926654,28.87277115238635,1,tal2,90:8d:78:54:22:a1,60,-84,
2017-12-01 10:58:26,SM-G950F,11,34.813083395926654,28.87277115238635,1,sirocco_2.4o,14:cc:20:09:3c:b9,11,-86,
2017-12-01 10:58:26,SM-G950F,6,34.813083395926654,28.87277115238635,1,DIRECT-75-HP DeskJet 4670 series,b0:5a:da:fa:44:76,6,-87,
2017-12-01 10:58:32,SM-G950F,1,34.812838021973164,29.194668220647973,1,DIR-825-4f83,80:26:89:0d:4f:84,1,-86,
2017-12-01 10:58:32,SM-G950F,48,34.812838021973164,29.194668220647973,1,Oded 5Ghz,00:12:2a:e1:6c:4c,48,-90,
2017-12-01 10:58:38,SM-G950F,11,34.81268528377859,29.694922823032826,1,Oded 2.4Ghz,00:12:2a:e1:6c:48,11,-69,
2017-12-01 10:58:38,SM-G950F,48,34.81268528377859,29.694922823032826,1,Oded 5Ghz,00:12:2a:e1:6c:4c,48,-84,
2017-12-01 10:58:47,SM-G950F,1,34.812613739872425,28.98665425276264,1,SIEMENS_LivingRoom,d4:6e:0e:3c:44:e1,1,-83,
2017-12-01 10:58:50,SM-G950F,6,34.81278321992516,29.0136877102822,1,frank,e8:94:f6:e2:6e:4b,6,-71,
2017-12-01 10:58:50,SM-G950F,9,34.81278321992516,29.0136877102822,1,TP-LINK_E3CA,84:16:f9:e4:e3:ca,9,-80,
2017-12-01 10:59:02,SM-G950F,6,34.813533118254576,29.09677084835438,1,ter123,70:4d:7b:0c:89:50,6,-88,
2017-12-01 10:59:02,SM-G950F,3,34.813533118254576,29.09677084835438,1,Daizad,e8:cc:18:ac:1b:e1,3,-90,
2017-12-01 10:59:05,SM-G950F,7,34.81358034712056,29.23477071711897,1,Daizad,e8:cc:18:ac:1a:52,7,-81,
2017-12-01 10:59:08,SM-G950F,10,34.813608312741444,29.49532062714165,1,yotam17,b0:b2:8f:36:a2:b3,10,-91,
2017-12-01 10:59:14,SM-G950F,9,34.81367243117691,29.871227188060253,1,Beni,c4:12:f5:f4:82:42,9,-71,
2017-12-01 10:59:14,SM-G950F,1,34.81367243117691,29.871227188060253,1,HOTBOX,c0:ac:54:f7:42:60,1,-84,
2017-12-01 10:59:14,SM-G950F,6,34.81367243117691,29.871227188060253,1,Baruch_2.4,10:5a:f7:08:27:71,6,-90,
2017-12-01 10:59:20,SM-G950F,10,34.81334830357392,30.374327846195634,1,yotam17,f8:ab:05:e9:6d:3d,10,-78,
2017-12-01 10:59:20,SM-G950F,8,34.81334830357392,30.374327846195634,1,Yotam_Shir,00:26:5a:24:f4:f0,8,-87,
2017-12-01 10:59:32,SM-G950F,6,34.81275918581424,29.998889595076953,2,claire,cc:b2:55:67:2b:85,6,-90,Bezeq Free 672B84,62:b2:55:67:2b:86,6,-92,
2017-12-01 10:59:41,SM-G950F,6,34.81249258786661,30.932706346899515,1,ter123,70:4d:7b:0c:89:50,6,-83,
2017-12-01 10:59:44,SM-G950F,2,34.8123924291015,30.961174799733378,1,BezeqFree,5a:ab:1b:62:0d:fd,2,-85,
2017-12-01 10:59:44,SM-G950F,11,34.8123924291015,30.961174799733378,1,geller,00:78:9e:fa:3b:62,11,-90,
2017-12-01 10:59:50,SM-G950F,6,34.812198841457004,30.62408958535301,1,DIRECT-1C-HP DeskJet 3830 series,94:57:a5:4b:4f:41,6,-85,
2017-12-01 10:59:50,SM-G950F,11,34.812198841457004,30.62408958535301,1,nina,20:0c:c8:2b:2a:14,11,-76,
2017-12-01 10:59:53,SM-G950F,6,34.81210224701049,30.46032095326754,1,UFI_UF230_B3F,00:0b:6c:4d:1b:3f,6,-88,
2017-12-01 10:59:53,SM-G950F,3,34.81210224701049,30.46032095326754,1,hot,00:1c:10:09:4f:bc,3,-90,
2017-12-01 10:59:56,SM-G950F,2,34.8119993015223,30.246080183177583,1,klaiman,a0:ab:1b:62:0d:fc,2,-90,
2017-12-01 10:59:56,SM-G950F,11,34.8119993015223,30.246080183177583,1,WR,00:30:4f:82:7b:30,11,-89,
2017-12-01 10:59:59,SM-G950F,1,34.81191817927795,29.88889813438273,1,HOTBOX-651B,54:64:d9:5f:59:83,1,-77,
2017-12-01 11:00:26,SM-G950F,11,34.812206661227876,29.984707511555015,1,nina,20:0c:c8:2b:2a:14,11,-71,
2017-12-01 11:00:29,SM-G950F,11,34.81230905410695,29.98143136780164,1,landau,74:da:38:14:4b:88,11,-86,
2017-12-01 11:00:32,SM-G950F,36,34.812397786519114,29.977980536112952,1,LRWN,0c:f4:d5:29:a2:9c,36,-89,
2017-12-01 11:00:32,SM-G950F,1,34.812397786519114,29.977980536112952,1,HOTBOX-651B,54:64:d9:5f:59:83,1,-92,
2017-12-01 11:00:32,SM-G950F,2,34.812397786519114,29.977980536112952,1,klaiman,a0:ab:1b:62:0d:fc,2,-83,
2017-12-01 11:00:34,SM-G950F,6,34.81245570309557,29.861150924216155,1,frank,e8:94:f6:e2:6e:4b,6,-65,
2017-12-01 11:00:38,SM-G950F,6,34.812577158369976,29.67313485345308,2,UFI_UF230_B3F,00:0b:6c:4d:1b:3f,6,-81,ter123,70:4d:7b:0c:89:50,6,-75,
2017-12-01 11:00:38,SM-G950F,3,34.812577158369976,29.67313485345308,1,hot,00:1c:10:09:4f:bc,3,-84,
2017-12-01 11:00:41,SM-G950F,6,34.81268553093009,29.21502010815968,2,TUCHLER,00:26:5a:69:94:e3,6,-90,UFI_UF230_B3F,00:0b:6c:4d:1b:3f,6,-70,
2017-12-01 11:00:44,SM-G950F,11,34.812767664505046,28.924403723449103,1,Laufer-wifi,4c:60:de:51:8b:ca,11,-89,
2017-12-01 11:00:47,SM-G950F,6,34.81282029540289,29.011697047706974,1,HP-Print-AF-Officejet Pro 6830,28:80:23:40:5f:af,6,-70,
2017-12-01 11:00:59,SM-G950F,48,34.812966284830594,29.955616590355632,1,Oded 5Ghz,00:12:2a:e1:6c:4c,48,-89,
2017-12-01 11:00:59,SM-G950F,11,34.812966284830594,29.955616590355632,1,Oded 2.4Ghz,00:12:2a:e1:6c:48,11,-89,
2017-12-01 11:01:05,SM-G950F,1,34.813008839731566,30.49784498151697,1,DIR-825-4f83,80:26:89:0d:4f:84,1,-78,
2017-12-01 11:01:11,SM-G950F,1,34.81314408162315,30.730460765215987,1,DIR-825-4f83,80:26:89:0d:4f:84,1,-70,
2017-12-01 11:01:20,SM-G950F,1,34.81383247774181,31.35812286745131,1,Bezeq Free GA32E3,52:b0:ce:ac:32:98,1,-67,
2017-12-01 11:01:20,SM-G950F,11,34.81383247774181,31.35812286745131,1,Lahav,08:3e:5d:5c:72:5e,11,-83,
2017-12-01 11:01:26,SM-G950F,1,34.814265874458584,32.03668527946496,1,love,14:ae:db:58:73:75,1,-58,
2017-12-01 11:04:06,SM-G950F,1,34.814398286352024,49.173541035059245,1,BezeqFree,06:ae:db:58:73:75,1,-74,
2017-12-01 11:04:18,SM-G950F,1,34.81408016821385,47.69363736183398,1,BezeqFree,06:ae:db:58:73:75,1,-57,
2017-12-01 11:04:21,SM-G950F,11,34.81390382396507,46.72223219542287,1,Lahav,fc:b4:e6:d2:86:9e,11,-81,
2017-12-01 11:04:45,SM-G950F,1,34.81234245317759,43.21979901905486,1,HOTBOX1234,00:78:9e:f9:f5:5b,1,-81,
2017-12-01 11:04:45,SM-G950F,11,34.81234245317759,43.21979901905486,1,DIRECT-56-HP OfficeJet 6950,30:e1:71:be:67:57,11,-90,
2017-12-01 11:04:48,SM-G950F,1,34.81218573168659,43.070084903708576,1,varda,c4:12:f5:85:27:c2,1,-87,
2017-12-01 11:04:48,SM-G950F,6,34.81218573168659,43.070084903708576,1,Gil Kitchen,80:1f:02:a3:7d:62,6,-83,
2017-12-01 11:04:51,SM-G950F,1,34.81206365704524,42.92341219500959,1,DIR-825-4f83,80:26:89:0d:4f:84,1,-89,
2017-12-01 11:04:51,SM-G950F,6,34.81206365704524,42.92341219500959,1,kenley-up,88:dc:96:3b:f5:e0,6,-87,
2017-12-01 11:04:54,SM-G950F,1,34.81198974378003,42.69739354875747,1,varda,c4:12:f5:85:27:c2,1,-80,
2017-12-01 11:05:00,SM-G950F,36,34.81183741979604,41.75368557840066,1,Liza,8c:59:c3:ea:db:4b,36,-91,
2017-12-01 11:05:03,SM-G950F,3,34.81175227461636,41.42241716240946,1,SEW132_23574336,08:97:58:31:e0:c6,3,-85,
2017-12-01 11:05:06,SM-G950F,3,34.8116686534985,41.11423605499236,1,SEW132_23574336,08:97:58:31:e0:c6,3,-79,
2017-12-01 11:05:06,SM-G950F,6,34.8116686534985,41.11423605499236,2,HOTBOX-1966,6c:2e:85:fe:da:b8,6,-75,ronkla2,3c:1e:04:07:2a:fe,6,-80,
2017-12-01 11:05:18,SM-G950F,1,34.81119993629276,40.926265973661245,1,shlomi,d8:5d:4c:d9:c4:68,1,-65,
2017-12-01 11:05:18,SM-G950F,3,34.81119993629276,40.926265973661245,1,gononsmarthome,18:cc:23:00:18:45,3,-89,
2017-12-01 11:05:21,SM-G950F,1,34.81108803927924,41.084818088945596,1,stephane,00:24:2b:cf:13:21,1,-64,
2017-12-01 11:05:24,SM-G950F,1,34.81096823595285,41.15224303065266,1,Rozenkrants,86:2a:a8:a1:a0:b5,1,-89,
2017-12-01 11:05:24,SM-G950F,12,34.81096823595285,41.15224303065266,1,RS_GUEST,ec:08:6b:38:0d:dd,12,-90,
2017-12-01 11:05:27,SM-G950F,6,34.810860989133886,40.951736594141536,1,oved-main_2EX,74:da:38:54:b8:1c,6,-80,
2017-12-01 11:05:27,SM-G950F,10,34.810860989133886,40.951736594141536,1,bait,10:be:f5:3f:b2:ce,10,-92,
2017-12-01 11:05:30,SM-G950F,11,34.81076504710256,40.54230601717542,2,Lili,c4:12:f5:f9:5c:7c,11,-79,HOTBOX-2E6E,b0:b2:8f:1e:ea:68,11,-81,
2017-12-01 11:05:39,SM-G950F,9,34.810540283347045,39.92476460820798,1,RS_GUEST,e4:6f:13:71:f5:ce,9,-91,
2017-12-01 11:05:45,SM-G950F,6,34.81081986992245,39.792046107646115,1,A-Home,00:25:86:b1:6f:f8,6,-85,
2017-12-01 11:05:48,SM-G950F,36,34.81107879163651,40.1458062027948,1,LRWN,0c:f4:d5:29:a2:9c,36,-89,
2017-12-01 11:05:57,SM-G950F,36,34.81174970350504,40.650001121744175,1,LRWN,0c:f4:d5:29:a2:9c,36,-83,
2017-12-01 11:05:57,SM-G950F,6,34.81174970350504,40.650001121744175,1,HOTFiber-400D,40:65:a3:2b:62:22,6,-83,
2017-12-01 11:05:57,SM-G950F,1,34.81174970350504,40.650001121744175,1,HP-Setup>77-M277 LaserJet,92:cd:b6:2b:e9:77,1,-87,
2017-12-01 11:06:00,SM-G950F,36,34.811856011826194,40.330499133060776,1,LRWN,0c:f4:d5:29:a2:9c,36,-73,
2017-12-01 11:06:06,SM-G950F,11,34.81204692954307,40.1577920904256,1,Home,82:2a:a8:bf:94:29,11,-74,
2017-12-01 11:06:12,SM-G950F,9,34.8122124147935,40.24753875469891,1,InnovationEndeavors-guest,14:ae:db:48:af:4d,9,-91,
2017-12-01 11:06:15,SM-G950F,2,34.81228859490431,40.1543864581257,1,  InnovationEndeavors,74:da:38:a9:1c:df,2,-88,
2017-12-01 11:06:15,SM-G950F,1,34.81228859490431,40.1543864581257,1,snapper1,00:78:9e:fa:0e:db,1,-91,
2017-12-01 11:06:18,SM-G950F,6,34.81236874860562,40.072466932473205,1,ter123,70:4d:7b:0c:89:50,6,-69,
2017-12-01 11:06:30,SM-G950F,1,34.812720955098236,39.90215021290214,1,TP-LINK_76C08E,14:cc:20:76:c0:8e,1,-84,
2017-12-01 11:06:36,SM-G950F,1,34.81289551990273,39.73559705218988,1,DIR-825-4f83,80:26:89:0d:4f:84,1,-87,
2017-12-01 11:06:45,SM-G950F,11,34.81297115265297,39.68353274635085,1,HOTBOX-2017,c0:ac:54:f5:7d:bd,11,-89,
2017-12-01 11:06:48,SM-G950F,1,34.81300152330893,39.469898889224396,1,DIR-825-4f83,80:26:89:0d:4f:84,1,-81,
2017-12-01 11:06:54,SM-G950F,1,34.81307622429901,39.21219723886117,1,DIR-825-4f83,80:26:89:0d:4f:84,1,-74,
2017-12-01 11:07:00,SM-G950F,1,34.81330741796876,38.953487046589466,1,DIR-825-4f83,80:26:89:0d:4f:84,1,-66,
2017-12-01 11:07:03,SM-G950F,1,34.81347918498145,38.90856296704865,1,Bezeq Free GA32E3,52:b0:ce:ac:32:98,1,-62,
2017-12-01 11:07:12,SM-G950F,6,34.8140756807789,39.76563390143588,1,Orit,c4:a8:1d:12:7d:4c,6,-57,
2017-12-01 11:07:18,SM-G950F,9,34.81441454466233,40.08129430873258,1,Km,48:ee:0c:3d:eb:b8,9,-85,
2017-12-01 11:07:18,SM-G950F,4,34.81441454466233,40.08129430873258,1,HUAWEI-009D,14:9d:09:80:00:9d,4,-86,
2017-12-01 11:03:43,Lenovo PB2-690Y,6,34.81443004,45,1,HUAWEI-00F1,14:9d:09:80:00:f1,6,-85,
2017-12-01 11:04:21,Lenovo PB2-690Y,3,34.81388258,48,1,Basement,f4:f2:6d:af:45:26,3,-93,
2017-12-01 11:04:33,Lenovo PB2-690Y,6,34.81312422,41,1,Orit,c4:a8:1d:12:7d:4c,6,-93,
2017-12-01 11:04:36,Lenovo PB2-690Y,9,34.81292387,39,1,sellahome,d8:fb:5e:17:47:f8,9,-90,
2017-12-01 11:04:39,Lenovo PB2-690Y,6,34.81271468,40,1,DIRECT-CC-HP DeskJet 4670 series,70:5a:0f:b2:64:cd,6,-67,
2017-12-01 11:04:51,Lenovo PB2-690Y,4,34.81205701,35,1,GFCM,14:ae:db:32:d5:c2,4,-92,
2017-12-01 11:04:57,Lenovo PB2-690Y,6,34.81189999,33,1,INGENEO,cc:b2:55:e8:4c:e6,6,-90,
2017-12-01 11:04:57,Lenovo PB2-690Y,1,34.81189999,33,1,Liza,8c:59:c3:ea:db:4a,1,-88,
2017-12-01 11:05:03,Lenovo PB2-690Y,6,34.81172407,31,1,Shani - Green,54:b8:0a:34:78:d0,6,-88,
2017-12-01 11:05:03,Lenovo PB2-690Y,3,34.81172407,31,1,SEW132_23574336,08:97:58:31:e0:c6,3,-87,
2017-12-01 11:05:06,Lenovo PB2-690Y,3,34.81162405,29,1,SEW132_23574336,08:97:58:31:e0:c6,3,-78,
2017-12-01 11:05:15,Lenovo PB2-690Y,9,34.81125367,31,1,David,c4:12:f5:82:92:78,9,-96,
2017-12-01 11:05:24,Lenovo PB2-690Y,1,34.81090236,25,1,,fa:8f:ca:35:6e:e9,1,-86,
2017-12-01 11:05:27,Lenovo PB2-690Y,6,34.81081664,26,1,oved-main,74:da:39:54:b8:1d,6,-79,
2017-12-01 11:05:36,Lenovo PB2-690Y,4,34.81057961,21,1,GFCM,14:ae:db:32:d5:c2,4,-95,
2017-12-01 11:05:42,Lenovo PB2-690Y,8,34.81062936,19,1,simon,e4:6f:13:73:0a:c2,8,-79,
2017-12-01 11:05:42,Lenovo PB2-690Y,11,34.81062936,19,1,LRWN,ec:8c:a2:09:dd:48,11,-87,
2017-12-01 11:05:42,Lenovo PB2-690Y,4,34.81062936,19,1,HTC,06:c2:3e:e4:21:85,4,-86,
2017-12-01 11:05:57,Lenovo PB2-690Y,8,34.8117473,25,1,simon,e4:6f:13:73:0a:c2,8,-91,
2017-12-01 11:05:57,Lenovo PB2-690Y,11,34.8117473,25,1,LRWN,ec:8c:a2:09:dd:48,11,-62,
2017-12-01 11:06:09,Lenovo PB2-690Y,6,34.81211179,27,1,DIRECT-A5-HP DeskJet 3700 series,40:b0:34:62:33:a6,6,-87,
2017-12-01 11:06:15,Lenovo PB2-690Y,1,34.8123046,28,1,HOTBOX-8156,b4:ee:b4:a7:81:5c,1,-96,
2017-12-01 11:06:18,Lenovo PB2-690Y,11,34.81236632,30,1,Siemens,d0:d4:12:5e:db:f2,11,-88,
2017-12-01 11:06:24,Lenovo PB2-690Y,9,34.8125393,30,1,InnovationEndeavors-guest,14:ae:db:48:af:4d,9,-94,
2017-12-01 11:06:27,Lenovo PB2-690Y,6,34.81264147,30,1,UFI_UF230_B3F,00:0b:6c:4d:1b:3f,6,-58,
2017-12-01 11:06:27,Lenovo PB2-690Y,11,34.81264147,30,1,Oded,14:cc:20:76:b8:2a,11,-82,
2017-12-01 11:06:33,Lenovo PB2-690Y,2,34.81283858,28,1,klaiman,a0:ab:1b:62:0d:fc,2,-95,
2017-12-01 11:06:36,Lenovo PB2-690Y,1,34.81290186,30,2,maya salon,c4:a8:1d:12:df:c5,1,-94,@Cafe,52:a8:1d:12:df:c4,1,-94,
2017-12-01 11:06:39,Lenovo PB2-690Y,6,34.81293238,31,1,DIRECT-75-HP DeskJet 4670 series,b0:5a:da:fa:44:76,6,-85,
2017-12-01 11:06:39,Lenovo PB2-690Y,11,34.81293238,31,1,ELDAD,10:0d:7f:80:17:80,11,-95,
2017-12-01 11:06:42,Lenovo PB2-690Y,6,34.81294533,30,1,UFI_UF230_B3F,00:0b:6c:4d:1b:3f,6,-90,
2017-12-01 11:06:45,Lenovo PB2-690Y,11,34.81297015,30,2,HOTBOX-2017,c0:ac:54:f5:7d:bd,11,-89,Oded,14:cc:20:76:b8:2a,11,-91,
2017-12-01 11:06:55,Lenovo PB2-690Y,11,34.81310031,28,1,ELDAD,10:0d:7f:80:17:80,11,-82,
2017-12-01 11:06:58,Lenovo PB2-690Y,6,34.81321284,29,1,HOTBOX-1A14,00:07:26:4f:07:ae,6,-86,
2017-12-01 11:07:01,Lenovo PB2-690Y,9,34.81336604,28,1,sellahome,d8:fb:5e:17:47:f8,9,-82,
2017-12-01 11:07:07,Lenovo PB2-690Y,6,34.81372174,33,1,DIRECT-CC-HP DeskJet 4670 series,70:5a:0f:b2:64:cd,6,-95,
2017-12-01 11:07:10,Lenovo PB2-690Y,6,34.81393684,34,1,Orit,c4:a8:1d:12:7d:4c,6,-78,
2017-12-01 11:07:10,Lenovo PB2-690Y,3,34.81393684,34,1,Basement,f4:f2:6d:af:45:26,3,-87,
2017-12-01 11:07:13,Lenovo PB2-690Y,6,34.81413733,37,1,Orit,c4:a8:1d:12:7d:4c,6,-64,
2017-12-01 11:09:20,Lenovo PB2-690Y,6,34.81348839,36,1,HOTBOX-1234,7c:03:4c:ba:f5:5a,6,-75,
2017-12-01 11:09:29,Lenovo PB2-690Y,1,34.81279901,35,2,Bezeq Free GA32E3,52:b0:ce:ac:32:98,1,-90,dobry2016,6c:b0:ce:ac:32:9b,1,-89,
2017-12-01 11:09:32,Lenovo PB2-690Y,11,34.81256671,36,1,Lahav,b0:b2:8f:01:ad:fe,11,-87,
2017-12-01 11:09:32,Lenovo PB2-690Y,6,34.81256671,36,1,DIRECT-CC-HP DeskJet 4670 series,70:5a:0f:b2:64:cd,6,-68,
2017-12-01 11:09:32,Lenovo PB2-690Y,11,34.81256671,36,1,ELDAD,10:0d:7f:80:17:80,11,-77,
2017-12-01 11:09:41,Lenovo PB2-690Y,1,34.81202557,33,2,KaymeraDev,00:f6:63:15:58:81,1,-90,Candan,c0:ff:d4:7b:82:30,1,-89,
2017-12-01 11:09:44,Lenovo PB2-690Y,11,34.81192728,32,1,alfa,f4:f2:6d:5e:d0:48,11,-96,
2017-12-01 11:09:44,Lenovo PB2-690Y,1,34.81192728,32,1,KaymeraGuest,00:f6:63:15:58:82,1,-94,
2017-12-01 11:09:47,Lenovo PB2-690Y,48,34.81183239,31,1,BezeqNGN_10072E_5GHz_1,c4:04:15:60:6a:b6,48,-82,
2017-12-01 11:09:56,Lenovo PB2-690Y,4,34.81150977,30,1,TP-LINK-BET,f8:d1:11:ce:e5:e6,4,-96,
2017-12-01 11:09:56,Lenovo PB2-690Y,11,34.81150977,30,1,G10,c0:ac:54:f8:0c:ac,11,-94,
2017-12-01 11:09:56,Lenovo PB2-690Y,6,34.81150977,30,1,HP-Print-AF-Officejet Pro 6830,28:80:23:40:5f:af,6,-96,
2017-12-01 11:10:04,Lenovo PB2-690Y,1,34.81118089,29,1,Hetz2,74:da:38:6c:89:7b,1,-83,
2017-12-01 11:10:04,Lenovo PB2-690Y,3,34.81118089,29,1,gononsmarthome,18:cc:23:00:18:45,3,-92,
2017-12-01 11:10:04,Lenovo PB2-690Y,6,34.81118089,29,1,DIRECT-85-HP OfficeJet Pro 6960,98:e7:f4:0a:dd:86,6,-89,
2017-12-01 11:10:04,Lenovo PB2-690Y,11,34.81118089,29,1,RDK,58:b6:33:34:ae:f8,11,-91,
2017-12-01 11:10:13,Lenovo PB2-690Y,2,34.81084759,30,1,  InnovationEndeavors,74:da:38:a9:1c:df,2,-92,
2017-12-01 11:10:17,Lenovo PB2-690Y,1,34.81071738,31,1,Alpha125,10:fe:ed:74:fc:46,1,-92,
2017-12-01 11:10:26,Lenovo PB2-690Y,6,34.81063066,28,1,INGENEO,cc:b2:55:e8:4c:e6,6,-88,
2017-12-01 11:10:26,Lenovo PB2-690Y,8,34.81063066,28,1,simon,e4:6f:13:73:0a:c2,8,-90,
2017-12-01 11:10:26,Lenovo PB2-690Y,1,34.81063066,28,1,Candan,c0:ff:d4:7b:82:30,1,-88,
2017-12-01 11:10:32,Lenovo PB2-690Y,11,34.811185,29,1,Avisky,00:78:9e:fa:b2:d0,11,-91,
2017-12-01 11:10:37,Lenovo PB2-690Y,5,34.81168165,32,1,Talfamily2,90:8d:78:b6:28:f6,5,-62,
2017-12-01 11:10:40,Lenovo PB2-690Y,1,34.81185931,31,1,Candan,c0:ff:d4:7b:82:30,1,-95,
2017-12-01 11:10:50,Lenovo PB2-690Y,1,34.8121884,31,1,HOTBOX-C18E,e0:ce:c3:8c:c1:94,1,-93,
2017-12-01 11:10:53,Lenovo PB2-690Y,6,34.81229315,30,1,UFI_UF230_B3F,00:0b:6c:4d:1b:3f,6,-91,
2017-12-01 11:10:53,Lenovo PB2-690Y,1,34.81229315,30,1,snapper1,00:78:9e:fa:0e:db,1,-93,
2017-12-01 11:10:59,Lenovo PB2-690Y,6,34.81248459,32,1,UFI_UF230_B3F,00:0b:6c:4d:1b:3f,6,-85,
2017-12-01 11:10:59,Lenovo PB2-690Y,1,34.81248459,32,1,HOTBOX-62EF,d8:fb:5e:17:62:f5,1,-80,
2017-12-01 11:11:02,Lenovo PB2-690Y,6,34.81258185,32,1,UFI_UF230_B3F,00:0b:6c:4d:1b:3f,6,-73,
2017-12-01 11:11:02,Lenovo PB2-690Y,11,34.81258185,32,1,Oded,14:cc:20:76:b8:2a,11,-94,
2017-12-01 11:11:04,Lenovo PB2-690Y,11,34.81264811,34,2,Oded,14:cc:20:76:b8:2a,11,-72,HOTBOX-2017,c0:ac:54:f5:7d:bd,11,-89,
2017-12-01 11:11:08,Lenovo PB2-690Y,11,34.81277801,37,1,HOTBOX-2017,c0:ac:54:f5:7d:bd,11,-72,
2017-12-01 11:11:08,Lenovo PB2-690Y,6,34.81277801,37,1,HP-Print-AF-Officejet Pro 6830,28:80:23:40:5f:af,6,-84,
2017-12-01 11:11:14,Lenovo PB2-690Y,3,34.81290244,38,1,hot,00:1c:10:09:4f:bc,3,-84,
2017-12-01 11:11:14,Lenovo PB2-690Y,2,34.81290244,38,1,Floor 2,74:da:38:b6:f3:7a,2,-94,
2017-12-01 11:11:17,Lenovo PB2-690Y,6,34.8129304,36,1,UFI_UF230_B3F,00:0b:6c:4d:1b:3f,6,-87,
2017-12-01 11:11:20,Lenovo PB2-690Y,11,34.81295967,34,1,Oded,14:cc:20:76:b8:2a,11,-94,
2017-12-01 11:11:20,Lenovo PB2-690Y,48,34.81295967,34,1,Oded 5Ghz,00:12:2a:e1:6c:4c,48,-87,
2017-12-01 11:11:20,Lenovo PB2-690Y,11,34.81295967,34,1,Oded 2.4Ghz,00:12:2a:e1:6c:48,11,-94,
2017-12-01 11:11:38,Lenovo PB2-690Y,6,34.81359923,34,1,DIRECT-CC-HP DeskJet 4670 series,70:5a:0f:b2:64:cd,6,-94,
2017-12-01 11:11:38,Lenovo PB2-690Y,11,34.81359923,34,1,Lahav,b0:b2:8f:01:ad:fe,11,-88,
2017-12-01 11:11:41,Lenovo PB2-690Y,11,34.81384954,37,1,Lahav,b0:b2:8f:01:ad:fe,11,-74,
2017-12-01 11:11:41,Lenovo PB2-690Y,1,34.81384954,37,2,dobry2016,6c:b0:ce:ac:32:9b,1,-84,Bezeq Free GA32E3,52:b0:ce:ac:32:98,1,-86,
2017-12-01 11:11:44,Lenovo PB2-690Y,11,34.81407594,39,1,DIRECT-F6-HP DeskJet 3830 series,30:e1:71:fb:1e:f7,11,-92,
